[
  {
    "name": "Untamed",
    "place": "1",
    "id": "1",
    "creators": "soley",
    "verifier": "soley",
    "video": "https://www.youtube.com/watch?v=bg4MJuR-i-0",
    "victors": [
      "soley"
    ]
  },
  {
    "name": "Solaris",
    "place": "3",
    "id": "7",
    "creators": "Shadow",
    "verifier": "soley",
    "video": "https://www.youtube.com/watch?v=RDWO4XMAUkY",
    "victors": [
      "soley"
    ]
  },
  {
    "name": "Kagayaku",
    "place": "5",
    "id": "16",
    "creators": "Firework",
    "verifier": "soley",
    "video": "https://www.youtube.com/watch?v=_TnuMuIPwes",
    "victors": [
      "soley"
    ]
  },
  {
    "name": "Eclipse",
    "place": "7",
    "id": "6",
    "creators": "Shadow",
    "verifier": "Lodomir",
    "video": "https://www.youtube.com/watch?v=ALWiohNsfYY",
    "victors": [
      "Lodomir"
    ]
  },
  {
    "name": "Destiny",
    "place": "8",
    "id": "5",
    "creators": "Shadow",
    "verifier": "soley",
    "video": "https://www.youtube.com/watch?v=cb9Kj9-VrHw",
    "victors": [
      "soley"
    ]
  },
  {
    "name": "Night",
    "place": "9",
    "id": "3",
    "creators": "Shadow",
    "verifier": "soley",
    "video": "https://www.youtube.com/watch?v=3Swp2N-2O2E",
    "victors": [
      "soley",
      "denis",
      "Hykre",
      "Lodomir"
    ]
  },
  {
    "name": "Faithful",
    "place": "10",
    "id": "13",
    "creators": "Shadow",
    "verifier": "Shadow",
    "video": "https://www.youtube.com/watch?v=k8-Iiw9O2n8",
    "victors": [
      "Shadow",
      "soley",
      "Lodomir"
    ]
  },
  {
    "name": "Bliss",
    "place": "11",
    "id": "21",
    "creators": "Shadow",
    "verifier": "Shadow",
    "video": "https://www.youtube.com/watch?v=H9rqPwspOXo",
    "victors": [
      "crasu",
      "Shadow"
    ]
  },
  {
    "name": "Genesis",
    "place": "12",
    "id": "15",
    "creators": "ice",
    "verifier": "ice",
    "video": "https://www.youtube.com/watch?v=7PziEs6u5Is",
    "victors": [
      "ice"
    ]
  },
  {
    "name": "Wet In",
    "place": "13",
    "id": "20",
    "creators": "Shadow",
    "verifier": "Shadow",
    "video": "https://www.youtube.com/watch?v=zUF0hfFWsYM",
    "victors": [
      "Shadow"
    ]
  },
  {
    "name": "Destruction",
    "place": "4",
    "id": "23",
    "creators": "Lodomir",
    "verifier": "Lodomir",
    "video": "https://www.youtube.com/watch?v=INFd3bBjGVc",
    "victors": [
      "Lodomir"
    ]
  },
  {
    "name": "Fantasy",
    "place": "6",
    "id": "62",
    "creators": "Shadow",
    "verifier": "Shadow",
    "video": "https://www.youtube.com/watch?v=oUIHdV9DuWc",
    "victors": [
      "Shadow"
    ]
  },
  {
    "name": "Cry About It",
    "place": "14",
    "id": "2",
    "creators": "Shadow",
    "verifier": "soley",
    "video": "https://www.youtube.com/watch?v=RtLj6ONCkkw",
    "victors": [
      "soley",
      "denis"
    ]
  },
  {
    "name": "Bludareta",
    "place": "2",
    "id": "209",
    "creators": "soley",
    "verifier": "soley",
    "video": "https://www.youtube.com/watch?v=NNUs-tBlbY4",
    "victors": [
      "soley",
      "denis",
      "Lodomir"
    ]
  }
] 
